Date,Value,Variable Description,run_date,created_by
1992-01-01,44.4522352588286,Global price of Energy index,2024-12-11,billy
1992-02-01,44.0128567181963,Global price of Energy index,2024-12-11,billy
1992-03-01,43.8285850995234,Global price of Energy index,2024-12-11,billy
1992-04-01,46.155697926573,Global price of Energy index,2024-12-11,billy
1992-05-01,48.2052616437727,Global price of Energy index,2024-12-11,billy
1992-06-01,50.6501985592157,Global price of Energy index,2024-12-11,billy
1992-07-01,49.9010687111964,Global price of Energy index,2024-12-11,billy
1992-08-01,49.7099081845566,Global price of Energy index,2024-12-11,billy
1992-09-01,51.1811522934843,Global price of Energy index,2024-12-11,billy
1992-10-01,51.3571352615322,Global price of Energy index,2024-12-11,billy
1992-11-01,48.7933125604438,Global price of Energy index,2024-12-11,billy
1992-12-01,46.9915178464362,Global price of Energy index,2024-12-11,billy
1993-01-01,45.7855856435848,Global price of Energy index,2024-12-11,billy
1993-02-01,46.4782081597774,Global price of Energy index,2024-12-11,billy
1993-03-01,48.0759577403415,Global price of Energy index,2024-12-11,billy
1993-04-01,48.5407722796478,Global price of Energy index,2024-12-11,billy
1993-05-01,47.4795896410653,Global price of Energy index,2024-12-11,billy
1993-06-01,45.8424207016016,Global price of Energy index,2024-12-11,billy
1993-07-01,43.9433514075594,Global price of Energy index,2024-12-11,billy
1993-08-01,44.7541962023966,Global price of Energy index,2024-12-11,billy
1993-09-01,43.5236989323768,Global price of Energy index,2024-12-11,billy
1993-10-01,43.7541101883819,Global price of Energy index,2024-12-11,billy
1993-11-01,42.2606306441881,Global price of Energy index,2024-12-11,billy
1993-12-01,38.4499906955463,Global price of Energy index,2024-12-11,billy
1994-01-01,39.8172767602957,Global price of Energy index,2024-12-11,billy
1994-02-01,40.4173229208669,Global price of Energy index,2024-12-11,billy
1994-03-01,38.3122593503381,Global price of Energy index,2024-12-11,billy
1994-04-01,40.6544906276469,Global price of Energy index,2024-12-11,billy
1994-05-01,42.6117142469202,Global price of Energy index,2024-12-11,billy
1994-06-01,44.4949195335516,Global price of Energy index,2024-12-11,billy
1994-07-01,45.8462902077056,Global price of Energy index,2024-12-11,billy
1994-08-01,43.7816425196461,Global price of Energy index,2024-12-11,billy
1994-09-01,42.1316863092849,Global price of Energy index,2024-12-11,billy
1994-10-01,42.9429378571155,Global price of Energy index,2024-12-11,billy
1994-11-01,44.0671809186165,Global price of Energy index,2024-12-11,billy
1994-12-01,43.0376149977719,Global price of Energy index,2024-12-11,billy
1995-01-01,44.0451098637305,Global price of Energy index,2024-12-11,billy
1995-02-01,45.1721950679683,Global price of Energy index,2024-12-11,billy
1995-03-01,45.3823213415581,Global price of Energy index,2024-12-11,billy
1995-04-01,47.8008471541666,Global price of Energy index,2024-12-11,billy
1995-05-01,47.7466235089334,Global price of Energy index,2024-12-11,billy
1995-06-01,45.8271212477329,Global price of Energy index,2024-12-11,billy
1995-07-01,43.3838022888509,Global price of Energy index,2024-12-11,billy
1995-08-01,44.0429814599173,Global price of Energy index,2024-12-11,billy
1995-09-01,44.7208209600222,Global price of Energy index,2024-12-11,billy
1995-10-01,44.1188199049151,Global price of Energy index,2024-12-11,billy
1995-11-01,45.5713665756328,Global price of Energy index,2024-12-11,billy
1995-12-01,49.6533889964449,Global price of Energy index,2024-12-11,billy
1996-01-01,50.0136634968395,Global price of Energy index,2024-12-11,billy
1996-02-01,52.2364352951411,Global price of Energy index,2024-12-11,billy
1996-03-01,52.4338703754628,Global price of Energy index,2024-12-11,billy
1996-04-01,53.0710194165868,Global price of Energy index,2024-12-11,billy
1996-05-01,50.2988645490681,Global price of Energy index,2024-12-11,billy
1996-06-01,50.2431537053524,Global price of Energy index,2024-12-11,billy
1996-07-01,51.7455565736681,Global price of Energy index,2024-12-11,billy
1996-08-01,52.0151017067311,Global price of Energy index,2024-12-11,billy
1996-09-01,55.4370390659979,Global price of Energy index,2024-12-11,billy
1996-10-01,59.3720262223191,Global price of Energy index,2024-12-11,billy
1996-11-01,60.5047801216974,Global price of Energy index,2024-12-11,billy
1996-12-01,64.2949399768001,Global price of Energy index,2024-12-11,billy
1997-01-01,61.484578729773,Global price of Energy index,2024-12-11,billy
1997-02-01,53.4808309561963,Global price of Energy index,2024-12-11,billy
1997-03-01,50.5391430157583,Global price of Energy index,2024-12-11,billy
1997-04-01,47.8137294595803,Global price of Energy index,2024-12-11,billy
1997-05-01,50.7012034158406,Global price of Energy index,2024-12-11,billy
1997-06-01,48.1197943884955,Global price of Energy index,2024-12-11,billy
1997-07-01,48.3717507325168,Global price of Energy index,2024-12-11,billy
1997-08-01,49.7516960913767,Global price of Energy index,2024-12-11,billy
1997-09-01,50.8689116165982,Global price of Energy index,2024-12-11,billy
1997-10-01,53.4294044735867,Global price of Energy index,2024-12-11,billy
1997-11-01,51.2956317503083,Global price of Energy index,2024-12-11,billy
1997-12-01,46.3736555135031,Global price of Energy index,2024-12-11,billy
1998-01-01,42.1282223239176,Global price of Energy index,2024-12-11,billy
1998-02-01,40.3297502434822,Global price of Energy index,2024-12-11,billy
1998-03-01,38.4086367925118,Global price of Energy index,2024-12-11,billy
1998-04-01,39.4597784829243,Global price of Energy index,2024-12-11,billy
1998-05-01,39.0493483747371,Global price of Energy index,2024-12-11,billy
1998-06-01,36.8993185375508,Global price of Energy index,2024-12-11,billy
1998-07-01,36.7014133768936,Global price of Energy index,2024-12-11,billy
1998-08-01,35.1181769562553,Global price of Energy index,2024-12-11,billy
1998-09-01,37.657978086531,Global price of Energy index,2024-12-11,billy
1998-10-01,36.4444692938648,Global price of Energy index,2024-12-11,billy
1998-11-01,34.51499903212,Global price of Energy index,2024-12-11,billy
1998-12-01,30.8360143389792,Global price of Energy index,2024-12-11,billy
1999-01-01,32.5467206725288,Global price of Energy index,2024-12-11,billy
1999-02-01,31.3536702349526,Global price of Energy index,2024-12-11,billy
1999-03-01,35.4218490780644,Global price of Energy index,2024-12-11,billy
1999-04-01,40.6512863569622,Global price of Energy index,2024-12-11,billy
1999-05-01,41.8840647893305,Global price of Energy index,2024-12-11,billy
1999-06-01,42.8276451798696,Global price of Energy index,2024-12-11,billy
1999-07-01,47.2529617627011,Global price of Energy index,2024-12-11,billy
1999-08-01,51.2736079878553,Global price of Energy index,2024-12-11,billy
1999-09-01,55.40367682468,Global price of Energy index,2024-12-11,billy
1999-10-01,54.9674540745056,Global price of Energy index,2024-12-11,billy
1999-11-01,57.7503926516996,Global price of Energy index,2024-12-11,billy
1999-12-01,59.0786699247741,Global price of Energy index,2024-12-11,billy
2000-01-01,62.2392260586151,Global price of Energy index,2024-12-11,billy
2000-02-01,66.4232999229776,Global price of Energy index,2024-12-11,billy
2000-03-01,66.6851158362596,Global price of Energy index,2024-12-11,billy
2000-04-01,61.4169549680859,Global price of Energy index,2024-12-11,billy
2000-05-01,68.6714688049523,Global price of Energy index,2024-12-11,billy
2000-06-01,75.1507069374346,Global price of Energy index,2024-12-11,billy
2000-07-01,72.6865537980706,Global price of Energy index,2024-12-11,billy
2000-08-01,76.7991947154988,Global price of Energy index,2024-12-11,billy
2000-09-01,82.9348112414127,Global price of Energy index,2024-12-11,billy
2000-10-01,82.3055840412933,Global price of Energy index,2024-12-11,billy
2000-11-01,84.8125158439628,Global price of Energy index,2024-12-11,billy
2000-12-01,83.3207570062257,Global price of Energy index,2024-12-11,billy
2001-01-01,82.3671048296966,Global price of Energy index,2024-12-11,billy
2001-02-01,76.5110277605475,Global price of Energy index,2024-12-11,billy
2001-03-01,72.1270313751849,Global price of Energy index,2024-12-11,billy
2001-04-01,73.1053103918459,Global price of Energy index,2024-12-11,billy
2001-05-01,73.0180536275028,Global price of Energy index,2024-12-11,billy
2001-06-01,70.7713025163136,Global price of Energy index,2024-12-11,billy
2001-07-01,64.6479980607725,Global price of Energy index,2024-12-11,billy
2001-08-01,65.7478825176858,Global price of Energy index,2024-12-11,billy
2001-09-01,62.8732573423258,Global price of Energy index,2024-12-11,billy
2001-10-01,55.5171263042748,Global price of Energy index,2024-12-11,billy
2001-11-01,50.123735376252,Global price of Energy index,2024-12-11,billy
2001-12-01,49.4678305559636,Global price of Energy index,2024-12-11,billy
2002-01-01,49.4461717334785,Global price of Energy index,2024-12-11,billy
2002-02-01,51.1436482384694,Global price of Energy index,2024-12-11,billy
2002-03-01,59.3927138220747,Global price of Energy index,2024-12-11,billy
2002-04-01,63.2216573312363,Global price of Energy index,2024-12-11,billy
2002-05-01,63.9450959960332,Global price of Energy index,2024-12-11,billy
2002-06-01,61.0633015087631,Global price of Energy index,2024-12-11,billy
2002-07-01,63.1665978466177,Global price of Energy index,2024-12-11,billy
2002-08-01,64.1268874122906,Global price of Energy index,2024-12-11,billy
2002-09-01,68.5206189362142,Global price of Energy index,2024-12-11,billy
2002-10-01,69.4229778693982,Global price of Energy index,2024-12-11,billy
2002-11-01,64.6897446324953,Global price of Energy index,2024-12-11,billy
2002-12-01,72.0922022813772,Global price of Energy index,2024-12-11,billy
2003-01-01,79.4541658527736,Global price of Energy index,2024-12-11,billy
2003-02-01,90.8892642513114,Global price of Energy index,2024-12-11,billy
2003-03-01,80.5921948003378,Global price of Energy index,2024-12-11,billy
2003-04-01,70.8471973021957,Global price of Energy index,2024-12-11,billy
2003-05-01,72.8786760553799,Global price of Energy index,2024-12-11,billy
2003-06-01,76.2041201992688,Global price of Energy index,2024-12-11,billy
2003-07-01,75.2613839004993,Global price of Energy index,2024-12-11,billy
2003-08-01,77.1777817819796,Global price of Energy index,2024-12-11,billy
2003-09-01,71.9842380150344,Global price of Energy index,2024-12-11,billy
2003-10-01,75.7176747748298,Global price of Energy index,2024-12-11,billy
2003-11-01,75.9402499088571,Global price of Energy index,2024-12-11,billy
2003-12-01,82.2737346812493,Global price of Energy index,2024-12-11,billy
2004-01-01,85.6153840214917,Global price of Energy index,2024-12-11,billy
2004-02-01,83.783437036665,Global price of Energy index,2024-12-11,billy
2004-03-01,86.8433601262431,Global price of Energy index,2024-12-11,billy
2004-04-01,89.1797524060354,Global price of Energy index,2024-12-11,billy
2004-05-01,97.5669900143751,Global price of Energy index,2024-12-11,billy
2004-06-01,95.460292171924,Global price of Energy index,2024-12-11,billy
2004-07-01,99.6556799959164,Global price of Energy index,2024-12-11,billy
2004-08-01,105.169549215183,Global price of Energy index,2024-12-11,billy
2004-09-01,103.984793896605,Global price of Energy index,2024-12-11,billy
2004-10-01,117.282470409864,Global price of Energy index,2024-12-11,billy
2004-11-01,109.00453495989,Global price of Energy index,2024-12-11,billy
2004-12-01,103.468877350763,Global price of Energy index,2024-12-11,billy
2005-01-01,108.963342886004,Global price of Energy index,2024-12-11,billy
2005-02-01,110.972849785124,Global price of Energy index,2024-12-11,billy
2005-03-01,124.990154019554,Global price of Energy index,2024-12-11,billy
2005-04-01,126.269303437212,Global price of Energy index,2024-12-11,billy
2005-05-01,119.6884745205,Global price of Energy index,2024-12-11,billy
2005-06-01,130.909378195066,Global price of Energy index,2024-12-11,billy
2005-07-01,137.45817507001,Global price of Energy index,2024-12-11,billy
2005-08-01,151.521563709579,Global price of Energy index,2024-12-11,billy
2005-09-01,160.761714874947,Global price of Energy index,2024-12-11,billy
2005-10-01,158.701217459353,Global price of Energy index,2024-12-11,billy
2005-11-01,143.803193387395,Global price of Energy index,2024-12-11,billy
2005-12-01,152.895045231843,Global price of Energy index,2024-12-11,billy
2006-01-01,152.349313115297,Global price of Energy index,2024-12-11,billy
2006-02-01,146.048007608321,Global price of Energy index,2024-12-11,billy
2006-03-01,147.288823149419,Global price of Energy index,2024-12-11,billy
2006-04-01,160.522028047458,Global price of Energy index,2024-12-11,billy
2006-05-01,159.912510529106,Global price of Energy index,2024-12-11,billy
2006-06-01,159.629510817061,Global price of Energy index,2024-12-11,billy
2006-07-01,166.924800371819,Global price of Energy index,2024-12-11,billy
2006-08-01,167.897492655972,Global price of Energy index,2024-12-11,billy
2006-09-01,145.649770471867,Global price of Energy index,2024-12-11,billy
2006-10-01,140.295031138321,Global price of Energy index,2024-12-11,billy
2006-11-01,144.643440097302,Global price of Energy index,2024-12-11,billy
2006-12-01,147.260667183159,Global price of Energy index,2024-12-11,billy
2007-01-01,134.713040781543,Global price of Energy index,2024-12-11,billy
2007-02-01,145.026825191246,Global price of Energy index,2024-12-11,billy
2007-03-01,148.29818701874,Global price of Energy index,2024-12-11,billy
2007-04-01,156.852961131099,Global price of Energy index,2024-12-11,billy
2007-05-01,157.716476638741,Global price of Energy index,2024-12-11,billy
2007-06-01,162.327162647887,Global price of Energy index,2024-12-11,billy
2007-07-01,168.822275060673,Global price of Energy index,2024-12-11,billy
2007-08-01,164.379861177812,Global price of Energy index,2024-12-11,billy
2007-09-01,174.95269920475,Global price of Energy index,2024-12-11,billy
2007-10-01,189.041557010224,Global price of Energy index,2024-12-11,billy
2007-11-01,207.659453538207,Global price of Energy index,2024-12-11,billy
2007-12-01,206.532852366502,Global price of Energy index,2024-12-11,billy
2008-01-01,212.95256526713,Global price of Energy index,2024-12-11,billy
2008-02-01,221.207409668071,Global price of Energy index,2024-12-11,billy
2008-03-01,236.794999578762,Global price of Energy index,2024-12-11,billy
2008-04-01,253.573936320607,Global price of Energy index,2024-12-11,billy
2008-05-01,281.920824527933,Global price of Energy index,2024-12-11,billy
2008-06-01,303.745294402926,Global price of Energy index,2024-12-11,billy
2008-07-01,308.945845079838,Global price of Energy index,2024-12-11,billy
2008-08-01,268.942999904535,Global price of Energy index,2024-12-11,billy
2008-09-01,241.157795731331,Global price of Energy index,2024-12-11,billy
2008-10-01,188.568081326526,Global price of Energy index,2024-12-11,billy
2008-11-01,150.200782451237,Global price of Energy index,2024-12-11,billy
2008-12-01,122.672243012022,Global price of Energy index,2024-12-11,billy
2009-01-01,125.378276708955,Global price of Energy index,2024-12-11,billy
2009-02-01,117.722420760494,Global price of Energy index,2024-12-11,billy
2009-03-01,118.843901173609,Global price of Energy index,2024-12-11,billy
2009-04-01,119.20519973597,Global price of Energy index,2024-12-11,billy
2009-05-01,133.97993538685,Global price of Energy index,2024-12-11,billy
2009-06-01,152.982953218604,Global price of Energy index,2024-12-11,billy
2009-07-01,143.464313930351,Global price of Energy index,2024-12-11,billy
2009-08-01,154.867717956959,Global price of Energy index,2024-12-11,billy
2009-09-01,148.563669439578,Global price of Energy index,2024-12-11,billy
2009-10-01,161.88819495353,Global price of Energy index,2024-12-11,billy
2009-11-01,167.28240524265,Global price of Energy index,2024-12-11,billy
2009-12-01,169.081397747495,Global price of Energy index,2024-12-11,billy
2010-01-01,178.41947067921,Global price of Energy index,2024-12-11,billy
2010-02-01,172.419006521773,Global price of Energy index,2024-12-11,billy
2010-03-01,177.043925116846,Global price of Energy index,2024-12-11,billy
2010-04-01,185.834204822904,Global price of Energy index,2024-12-11,billy
2010-05-01,171.381834659046,Global price of Energy index,2024-12-11,billy
2010-06-01,171.550033939702,Global price of Energy index,2024-12-11,billy
2010-07-01,170.909086633409,Global price of Energy index,2024-12-11,billy
2010-08-01,172.006819754741,Global price of Energy index,2024-12-11,billy
2010-09-01,171.978027456354,Global price of Energy index,2024-12-11,billy
2010-10-01,181.749423910817,Global price of Energy index,2024-12-11,billy
2010-11-01,188.430479797526,Global price of Energy index,2024-12-11,billy
2010-12-01,200.596439773715,Global price of Energy index,2024-12-11,billy
2011-01-01,208.932671985744,Global price of Energy index,2024-12-11,billy
2011-02-01,216.000528575678,Global price of Energy index,2024-12-11,billy
2011-03-01,233.841821904619,Global price of Energy index,2024-12-11,billy
2011-04-01,250.730026968411,Global price of Energy index,2024-12-11,billy
2011-05-01,238.786784479992,Global price of Energy index,2024-12-11,billy
2011-06-01,236.265966676199,Global price of Energy index,2024-12-11,billy
2011-07-01,241.704074238477,Global price of Energy index,2024-12-11,billy
2011-08-01,229.029431380039,Global price of Energy index,2024-12-11,billy
2011-09-01,229.291360431155,Global price of Energy index,2024-12-11,billy
2011-10-01,227.72318632522,Global price of Energy index,2024-12-11,billy
2011-11-01,234.303517671319,Global price of Energy index,2024-12-11,billy
2011-12-01,231.531830401329,Global price of Energy index,2024-12-11,billy
2012-01-01,234.561993004392,Global price of Energy index,2024-12-11,billy
2012-02-01,242.492106949393,Global price of Energy index,2024-12-11,billy
2012-03-01,251.477586578673,Global price of Energy index,2024-12-11,billy
2012-04-01,244.602440376174,Global price of Energy index,2024-12-11,billy
2012-05-01,226.811417850343,Global price of Energy index,2024-12-11,billy
2012-06-01,203.84606219857,Global price of Energy index,2024-12-11,billy
2012-07-01,213.550184112094,Global price of Energy index,2024-12-11,billy
2012-08-01,227.100652030527,Global price of Energy index,2024-12-11,billy
2012-09-01,228.604174161606,Global price of Energy index,2024-12-11,billy
2012-10-01,223.582281780183,Global price of Energy index,2024-12-11,billy
2012-11-01,220.239028555248,Global price of Energy index,2024-12-11,billy
2012-12-01,220.583781936685,Global price of Energy index,2024-12-11,billy
2013-01-01,226.609992657721,Global price of Energy index,2024-12-11,billy
2013-02-01,230.718606428011,Global price of Energy index,2024-12-11,billy
2013-03-01,224.634418455802,Global price of Energy index,2024-12-11,billy
2013-04-01,219.154640961809,Global price of Energy index,2024-12-11,billy
2013-05-01,218.779877661479,Global price of Energy index,2024-12-11,billy
2013-06-01,218.338094747412,Global price of Energy index,2024-12-11,billy
2013-07-01,225.475015758846,Global price of Energy index,2024-12-11,billy
2013-08-01,230.587951532211,Global price of Energy index,2024-12-11,billy
2013-09-01,232.537593803913,Global price of Energy index,2024-12-11,billy
2013-10-01,227.898978145242,Global price of Energy index,2024-12-11,billy
2013-11-01,223.872487853245,Global price of Energy index,2024-12-11,billy
2013-12-01,231.95105343407,Global price of Energy index,2024-12-11,billy
2014-01-01,227.618249803187,Global price of Energy index,2024-12-11,billy
2014-02-01,233.574505017621,Global price of Energy index,2024-12-11,billy
2014-03-01,227.200770414853,Global price of Energy index,2024-12-11,billy
2014-04-01,229.025754826052,Global price of Energy index,2024-12-11,billy
2014-05-01,229.448481461139,Global price of Energy index,2024-12-11,billy
2014-06-01,233.603396624537,Global price of Energy index,2024-12-11,billy
2014-07-01,225.162905183716,Global price of Energy index,2024-12-11,billy
2014-08-01,216.431550059979,Global price of Energy index,2024-12-11,billy
2014-09-01,209.128667563681,Global price of Energy index,2024-12-11,billy
2014-10-01,191.532205264236,Global price of Energy index,2024-12-11,billy
2014-11-01,177.382124804231,Global price of Energy index,2024-12-11,billy
2014-12-01,147.739732100836,Global price of Energy index,2024-12-11,billy
2015-01-01,122.036323802349,Global price of Energy index,2024-12-11,billy
2015-02-01,133.647404465726,Global price of Energy index,2024-12-11,billy
2015-03-01,128.307725292163,Global price of Energy index,2024-12-11,billy
2015-04-01,130.528800262361,Global price of Energy index,2024-12-11,billy
2015-05-01,137.483493678026,Global price of Energy index,2024-12-11,billy
2015-06-01,134.156901538063,Global price of Energy index,2024-12-11,billy
2015-07-01,122.938901012481,Global price of Energy index,2024-12-11,billy
2015-08-01,109.227291781617,Global price of Energy index,2024-12-11,billy
2015-09-01,109.025265965182,Global price of Energy index,2024-12-11,billy
2015-10-01,108.899219049416,Global price of Energy index,2024-12-11,billy
2015-11-01,101.266141873884,Global price of Energy index,2024-12-11,billy
2015-12-01,90.2679848842885,Global price of Energy index,2024-12-11,billy
2016-01-01,77.6354685322573,Global price of Energy index,2024-12-11,billy
2016-02-01,77.7887428262812,Global price of Energy index,2024-12-11,billy
2016-03-01,87.6656184920498,Global price of Energy index,2024-12-11,billy
2016-04-01,92.5437288917509,Global price of Energy index,2024-12-11,billy
2016-05-01,101.483666634806,Global price of Energy index,2024-12-11,billy
2016-06-01,106.692990860292,Global price of Energy index,2024-12-11,billy
2016-07-01,101.772659015326,Global price of Energy index,2024-12-11,billy
2016-08-01,103.376309915595,Global price of Energy index,2024-12-11,billy
2016-09-01,104.633556078718,Global price of Energy index,2024-12-11,billy
2016-10-01,115.260960292251,Global price of Energy index,2024-12-11,billy
2016-11-01,108.444292816484,Global price of Energy index,2024-12-11,billy
2016-12-01,122.702005644189,Global price of Energy index,2024-12-11,billy
2017-01-01,127.826696489188,Global price of Energy index,2024-12-11,billy
2017-02-01,125.617606834217,Global price of Energy index,2024-12-11,billy
2017-03-01,115.772553832653,Global price of Energy index,2024-12-11,billy
2017-04-01,119.225759330065,Global price of Energy index,2024-12-11,billy
2017-05-01,114.46223948284,Global price of Energy index,2024-12-11,billy
2017-06-01,107.906362641047,Global price of Energy index,2024-12-11,billy
2017-07-01,111.27206475027,Global price of Energy index,2024-12-11,billy
2017-08-01,117.624086183498,Global price of Energy index,2024-12-11,billy
2017-09-01,125.572515892763,Global price of Energy index,2024-12-11,billy
2017-10-01,129.925088291476,Global price of Energy index,2024-12-11,billy
2017-11-01,140.765423018447,Global price of Energy index,2024-12-11,billy
2017-12-01,143.637979173419,Global price of Energy index,2024-12-11,billy
2018-01-01,152.812740382656,Global price of Energy index,2024-12-11,billy
2018-02-01,147.221807973306,Global price of Energy index,2024-12-11,billy
2018-03-01,147.282110157735,Global price of Energy index,2024-12-11,billy
2018-04-01,151.756233761497,Global price of Energy index,2024-12-11,billy
2018-05-01,162.898254687632,Global price of Energy index,2024-12-11,billy
2018-06-01,163.175141815922,Global price of Energy index,2024-12-11,billy
2018-07-01,164.473377966392,Global price of Energy index,2024-12-11,billy
2018-08-01,163.167846533993,Global price of Energy index,2024-12-11,billy
2018-09-01,172.605783575972,Global price of Energy index,2024-12-11,billy
2018-10-01,172.287544875428,Global price of Energy index,2024-12-11,billy
2018-11-01,148.043063047674,Global price of Energy index,2024-12-11,billy
2018-12-01,132.6931816386,Global price of Energy index,2024-12-11,billy
2019-01-01,132.837897195512,Global price of Energy index,2024-12-11,billy
2019-02-01,135.187803319121,Global price of Energy index,2024-12-11,billy
2019-03-01,137.135341779574,Global price of Energy index,2024-12-11,billy
2019-04-01,142.678897730099,Global price of Energy index,2024-12-11,billy
2019-05-01,137.663088499814,Global price of Energy index,2024-12-11,billy
2019-06-01,122.075818909474,Global price of Energy index,2024-12-11,billy
2019-07-01,125.732460316235,Global price of Energy index,2024-12-11,billy
2019-08-01,117.138291954721,Global price of Energy index,2024-12-11,billy
2019-09-01,122.437301774977,Global price of Energy index,2024-12-11,billy
2019-10-01,119.797167150738,Global price of Energy index,2024-12-11,billy
2019-11-01,127.631461684005,Global price of Energy index,2024-12-11,billy
2019-12-01,131.104220041825,Global price of Energy index,2024-12-11,billy
2020-01-01,126.142073238145,Global price of Energy index,2024-12-11,billy
2020-02-01,109.289359074945,Global price of Energy index,2024-12-11,billy
2020-03-01,72.9941675035191,Global price of Energy index,2024-12-11,billy
2020-04-01,55.8905124412157,Global price of Energy index,2024-12-11,billy
2020-05-01,68.0114992942952,Global price of Energy index,2024-12-11,billy
2020-06-01,82.3975635948022,Global price of Energy index,2024-12-11,billy
2020-07-01,86.4165473565575,Global price of Energy index,2024-12-11,billy
2020-08-01,93.2271857476264,Global price of Energy index,2024-12-11,billy
2020-09-01,91.2975553598975,Global price of Energy index,2024-12-11,billy
2020-10-01,95.4028571823368,Global price of Energy index,2024-12-11,billy
2020-11-01,100.89541152644,Global price of Energy index,2024-12-11,billy
2020-12-01,118.493979515052,Global price of Energy index,2024-12-11,billy
2021-01-01,138.446272490708,Global price of Energy index,2024-12-11,billy
2021-02-01,137.664908345644,Global price of Energy index,2024-12-11,billy
2021-03-01,142.136548338262,Global price of Energy index,2024-12-11,billy
2021-04-01,143.193714211993,Global price of Energy index,2024-12-11,billy
2021-05-01,154.557474298451,Global price of Energy index,2024-12-11,billy
2021-06-01,170.895141089492,Global price of Energy index,2024-12-11,billy
2021-07-01,181.349916097512,Global price of Energy index,2024-12-11,billy
2021-08-01,183.806514750323,Global price of Energy index,2024-12-11,billy
2021-09-01,212.879064204438,Global price of Energy index,2024-12-11,billy
2021-10-01,256.460754221011,Global price of Energy index,2024-12-11,billy
2021-11-01,235.683331646882,Global price of Energy index,2024-12-11,billy
2021-12-01,239.991032497251,Global price of Energy index,2024-12-11,billy
2022-01-01,241.377378261931,Global price of Energy index,2024-12-11,billy
2022-02-01,260.048362621765,Global price of Energy index,2024-12-11,billy
2022-03-01,331.78375933108,Global price of Energy index,2024-12-11,billy
2022-04-01,300.53317790586,Global price of Energy index,2024-12-11,billy
2022-05-01,306.674979216909,Global price of Energy index,2024-12-11,billy
2022-06-01,328.123480404175,Global price of Energy index,2024-12-11,billy
2022-07-01,343.809997418561,Global price of Energy index,2024-12-11,billy
2022-08-01,376.412082569145,Global price of Energy index,2024-12-11,billy
2022-09-01,330.149585913898,Global price of Energy index,2024-12-11,billy
2022-10-01,259.858676189934,Global price of Energy index,2024-12-11,billy
2022-11-01,256.859738716856,Global price of Energy index,2024-12-11,billy
2022-12-01,258.501791014275,Global price of Energy index,2024-12-11,billy
2023-01-01,223.272585045353,Global price of Energy index,2024-12-11,billy
2023-02-01,201.718393302493,Global price of Energy index,2024-12-11,billy
2023-03-01,186.023155071987,Global price of Energy index,2024-12-11,billy
2023-04-01,192.368522733067,Global price of Energy index,2024-12-11,billy
2023-05-01,169.225913867302,Global price of Energy index,2024-12-11,billy
2023-06-01,165.822923401189,Global price of Energy index,2024-12-11,billy
2023-07-01,174.977180765552,Global price of Energy index,2024-12-11,billy
2023-08-01,188.221940440207,Global price of Energy index,2024-12-11,billy
2023-09-01,204.552524318658,Global price of Energy index,2024-12-11,billy
2023-10-01,202.891136912563,Global price of Energy index,2024-12-11,billy
2023-11-01,189.80180522879,Global price of Energy index,2024-12-11,billy
2023-12-01,175.184098073065,Global price of Energy index,2024-12-11,billy
2024-01-01,173.664020543416,Global price of Energy index,2024-12-11,billy
2024-02-01,173.232332399989,Global price of Energy index,2024-12-11,billy
2024-03-01,179.815565122386,Global price of Energy index,2024-12-11,billy
2024-04-01,188.531556183609,Global price of Energy index,2024-12-11,billy
2024-05-01,182.878959552577,Global price of Energy index,2024-12-11,billy
2024-06-01,186.041923729406,Global price of Energy index,2024-12-11,billy
2024-07-01,185.934528796145,Global price of Energy index,2024-12-11,billy
2024-08-01,181.705164530569,Global price of Energy index,2024-12-11,billy
2024-09-01,170.443437792416,Global price of Energy index,2024-12-11,billy
2024-10-01,177.005149685122,Global price of Energy index,2024-12-11,billy
1992-01-01,52.7238832035005,Global price of Industrial Materials index,2024-12-11,billy
1992-02-01,53.9889024840284,Global price of Industrial Materials index,2024-12-11,billy
1992-03-01,54.0235332753102,Global price of Industrial Materials index,2024-12-11,billy
1992-04-01,55.4365775199933,Global price of Industrial Materials index,2024-12-11,billy
1992-05-01,55.3540370449946,Global price of Industrial Materials index,2024-12-11,billy
1992-06-01,55.7531568926376,Global price of Industrial Materials index,2024-12-11,billy
1992-07-01,57.4171243590944,Global price of Industrial Materials index,2024-12-11,billy
1992-08-01,56.6039735104452,Global price of Industrial Materials index,2024-12-11,billy
1992-09-01,55.4740805655928,Global price of Industrial Materials index,2024-12-11,billy
1992-10-01,53.2955948629257,Global price of Industrial Materials index,2024-12-11,billy
1992-11-01,51.9378619896483,Global price of Industrial Materials index,2024-12-11,billy
1992-12-01,52.7039259828528,Global price of Industrial Materials index,2024-12-11,billy
1993-01-01,52.548356160261,Global price of Industrial Materials index,2024-12-11,billy
1993-02-01,53.5243269635688,Global price of Industrial Materials index,2024-12-11,billy
1993-03-01,53.2129316868705,Global price of Industrial Materials index,2024-12-11,billy
1993-04-01,53.6221430222924,Global price of Industrial Materials index,2024-12-11,billy
1993-05-01,54.151245905211,Global price of Industrial Materials index,2024-12-11,billy
1993-06-01,53.88201654959,Global price of Industrial Materials index,2024-12-11,billy
1993-07-01,54.1226837085363,Global price of Industrial Materials index,2024-12-11,billy
1993-08-01,52.6900200609923,Global price of Industrial Materials index,2024-12-11,billy
1993-09-01,51.432137420913,Global price of Industrial Materials index,2024-12-11,billy
1993-10-01,50.5108703490486,Global price of Industrial Materials index,2024-12-11,billy
1993-11-01,49.8734892003357,Global price of Industrial Materials index,2024-12-11,billy
1993-12-01,51.3123471206092,Global price of Industrial Materials index,2024-12-11,billy
1994-01-01,52.9723300024077,Global price of Industrial Materials index,2024-12-11,billy
1994-02-01,55.1653242803845,Global price of Industrial Materials index,2024-12-11,billy
1994-03-01,55.2516449451517,Global price of Industrial Materials index,2024-12-11,billy
1994-04-01,56.3759284915551,Global price of Industrial Materials index,2024-12-11,billy
1994-05-01,58.7545118165923,Global price of Industrial Materials index,2024-12-11,billy
1994-06-01,61.4154135784511,Global price of Industrial Materials index,2024-12-11,billy
1994-07-01,61.9397867258497,Global price of Industrial Materials index,2024-12-11,billy
1994-08-01,61.2439074410366,Global price of Industrial Materials index,2024-12-11,billy
1994-09-01,62.4827498566975,Global price of Industrial Materials index,2024-12-11,billy
1994-10-01,63.7167954619301,Global price of Industrial Materials index,2024-12-11,billy
1994-11-01,67.1472837517844,Global price of Industrial Materials index,2024-12-11,billy
1994-12-01,69.9278664859819,Global price of Industrial Materials index,2024-12-11,billy
1995-01-01,73.4929273317954,Global price of Industrial Materials index,2024-12-11,billy
1995-02-01,71.2547296101544,Global price of Industrial Materials index,2024-12-11,billy
1995-03-01,71.175603341795,Global price of Industrial Materials index,2024-12-11,billy
1995-04-01,71.6952206017675,Global price of Industrial Materials index,2024-12-11,billy
1995-05-01,70.4376534614492,Global price of Industrial Materials index,2024-12-11,billy
1995-06-01,70.8879523071021,Global price of Industrial Materials index,2024-12-11,billy
1995-07-01,70.8400493925454,Global price of Industrial Materials index,2024-12-11,billy
1995-08-01,69.7254160173909,Global price of Industrial Materials index,2024-12-11,billy
1995-09-01,67.9639691698407,Global price of Industrial Materials index,2024-12-11,billy
1995-10-01,66.2698936017765,Global price of Industrial Materials index,2024-12-11,billy
1995-11-01,68.8571315178756,Global price of Industrial Materials index,2024-12-11,billy
1995-12-01,67.8629641661817,Global price of Industrial Materials index,2024-12-11,billy
1996-01-01,65.5230632289604,Global price of Industrial Materials index,2024-12-11,billy
1996-02-01,65.8534447755366,Global price of Industrial Materials index,2024-12-11,billy
1996-03-01,66.3278939517981,Global price of Industrial Materials index,2024-12-11,billy
1996-04-01,65.396216274319,Global price of Industrial Materials index,2024-12-11,billy
1996-05-01,66.6422002361626,Global price of Industrial Materials index,2024-12-11,billy
1996-06-01,63.6319639623087,Global price of Industrial Materials index,2024-12-11,billy
1996-07-01,61.1586019831502,Global price of Industrial Materials index,2024-12-11,billy
1996-08-01,61.2044492370757,Global price of Industrial Materials index,2024-12-11,billy
1996-09-01,61.2271954124518,Global price of Industrial Materials index,2024-12-11,billy
1996-10-01,60.0233715363562,Global price of Industrial Materials index,2024-12-11,billy
1996-11-01,62.3821556373428,Global price of Industrial Materials index,2024-12-11,billy
1996-12-01,61.2308663404019,Global price of Industrial Materials index,2024-12-11,billy
1997-01-01,63.535974210104,Global price of Industrial Materials index,2024-12-11,billy
1997-02-01,64.0835097760336,Global price of Industrial Materials index,2024-12-11,billy
1997-03-01,64.679783994327,Global price of Industrial Materials index,2024-12-11,billy
1997-04-01,62.4160923901465,Global price of Industrial Materials index,2024-12-11,billy
1997-05-01,64.2492130923035,Global price of Industrial Materials index,2024-12-11,billy
1997-06-01,63.3135126966568,Global price of Industrial Materials index,2024-12-11,billy
1997-07-01,62.4621268033211,Global price of Industrial Materials index,2024-12-11,billy
1997-08-01,61.4190671466878,Global price of Industrial Materials index,2024-12-11,billy
1997-09-01,59.4286887502388,Global price of Industrial Materials index,2024-12-11,billy
1997-10-01,57.5886107129679,Global price of Industrial Materials index,2024-12-11,billy
1997-11-01,56.6951666884311,Global price of Industrial Materials index,2024-12-11,billy
1997-12-01,53.7226353531619,Global price of Industrial Materials index,2024-12-11,billy
1998-01-01,52.0964932502675,Global price of Industrial Materials index,2024-12-11,billy
1998-02-01,52.0837917764434,Global price of Industrial Materials index,2024-12-11,billy
1998-03-01,52.1417576554575,Global price of Industrial Materials index,2024-12-11,billy
1998-04-01,52.2822263905116,Global price of Industrial Materials index,2024-12-11,billy
1998-05-01,51.0418742474484,Global price of Industrial Materials index,2024-12-11,billy
1998-06-01,49.4220631452396,Global price of Industrial Materials index,2024-12-11,billy
1998-07-01,48.7469887448541,Global price of Industrial Materials index,2024-12-11,billy
1998-08-01,48.2594455705386,Global price of Industrial Materials index,2024-12-11,billy
1998-09-01,49.0300053583212,Global price of Industrial Materials index,2024-12-11,billy
1998-10-01,47.5173581955406,Global price of Industrial Materials index,2024-12-11,billy
1998-11-01,47.1445866538313,Global price of Industrial Materials index,2024-12-11,billy
1998-12-01,46.1022564454976,Global price of Industrial Materials index,2024-12-11,billy
1999-01-01,45.8702575324262,Global price of Industrial Materials index,2024-12-11,billy
1999-02-01,46.1474086887619,Global price of Industrial Materials index,2024-12-11,billy
1999-03-01,46.6287211015585,Global price of Industrial Materials index,2024-12-11,billy
1999-04-01,47.3964669778975,Global price of Industrial Materials index,2024-12-11,billy
1999-05-01,48.856261417114,Global price of Industrial Materials index,2024-12-11,billy
1999-06-01,48.0326707313456,Global price of Industrial Materials index,2024-12-11,billy
1999-07-01,49.7728324701727,Global price of Industrial Materials index,2024-12-11,billy
1999-08-01,50.5686097048014,Global price of Industrial Materials index,2024-12-11,billy
1999-09-01,52.5809277580301,Global price of Industrial Materials index,2024-12-11,billy
1999-10-01,52.7217566510634,Global price of Industrial Materials index,2024-12-11,billy
1999-11-01,53.1612675247762,Global price of Industrial Materials index,2024-12-11,billy
1999-12-01,53.8721993948483,Global price of Industrial Materials index,2024-12-11,billy
2000-01-01,55.1823752282603,Global price of Industrial Materials index,2024-12-11,billy
2000-02-01,57.2102071780293,Global price of Industrial Materials index,2024-12-11,billy
2000-03-01,56.9840344912067,Global price of Industrial Materials index,2024-12-11,billy
2000-04-01,55.3391717908881,Global price of Industrial Materials index,2024-12-11,billy
2000-05-01,56.4452076624567,Global price of Industrial Materials index,2024-12-11,billy
2000-06-01,54.6648537863149,Global price of Industrial Materials index,2024-12-11,billy
2000-07-01,54.4611239849749,Global price of Industrial Materials index,2024-12-11,billy
2000-08-01,53.6859706719642,Global price of Industrial Materials index,2024-12-11,billy
2000-09-01,55.7194620833671,Global price of Industrial Materials index,2024-12-11,billy
2000-10-01,53.411092112935,Global price of Industrial Materials index,2024-12-11,billy
2000-11-01,52.9794004445104,Global price of Industrial Materials index,2024-12-11,billy
2000-12-01,52.4273356169748,Global price of Industrial Materials index,2024-12-11,billy
2001-01-01,53.1990254576414,Global price of Industrial Materials index,2024-12-11,billy
2001-02-01,52.5110322360964,Global price of Industrial Materials index,2024-12-11,billy
2001-03-01,50.2516402031877,Global price of Industrial Materials index,2024-12-11,billy
2001-04-01,50.3338469563585,Global price of Industrial Materials index,2024-12-11,billy
2001-05-01,51.1015101781976,Global price of Industrial Materials index,2024-12-11,billy
2001-06-01,50.0476434241028,Global price of Industrial Materials index,2024-12-11,billy
2001-07-01,48.0492356288894,Global price of Industrial Materials index,2024-12-11,billy
2001-08-01,46.7938470057581,Global price of Industrial Materials index,2024-12-11,billy
2001-09-01,45.3326903068343,Global price of Industrial Materials index,2024-12-11,billy
2001-10-01,43.5721517614453,Global price of Industrial Materials index,2024-12-11,billy
2001-11-01,44.6324881232672,Global price of Industrial Materials index,2024-12-11,billy
2001-12-01,45.025517434287,Global price of Industrial Materials index,2024-12-11,billy
2002-01-01,46.0563465709403,Global price of Industrial Materials index,2024-12-11,billy
2002-02-01,46.7411235211409,Global price of Industrial Materials index,2024-12-11,billy
2002-03-01,47.3421008356509,Global price of Industrial Materials index,2024-12-11,billy
2002-04-01,47.6397111476139,Global price of Industrial Materials index,2024-12-11,billy
2002-05-01,47.4280014387909,Global price of Industrial Materials index,2024-12-11,billy
2002-06-01,48.9408688218114,Global price of Industrial Materials index,2024-12-11,billy
2002-07-01,49.5118779443326,Global price of Industrial Materials index,2024-12-11,billy
2002-08-01,48.5596569313928,Global price of Industrial Materials index,2024-12-11,billy
2002-09-01,49.4776869020646,Global price of Industrial Materials index,2024-12-11,billy
2002-10-01,49.6043109752589,Global price of Industrial Materials index,2024-12-11,billy
2002-11-01,50.9872438758186,Global price of Industrial Materials index,2024-12-11,billy
2002-12-01,51.3285892191604,Global price of Industrial Materials index,2024-12-11,billy
2003-01-01,53.2018681388215,Global price of Industrial Materials index,2024-12-11,billy
2003-02-01,54.2569700315936,Global price of Industrial Materials index,2024-12-11,billy
2003-03-01,53.6388516121294,Global price of Industrial Materials index,2024-12-11,billy
2003-04-01,53.0102219720093,Global price of Industrial Materials index,2024-12-11,billy
2003-05-01,53.6237383577287,Global price of Industrial Materials index,2024-12-11,billy
2003-06-01,54.6782829476463,Global price of Industrial Materials index,2024-12-11,billy
2003-07-01,55.0817952726577,Global price of Industrial Materials index,2024-12-11,billy
2003-08-01,56.0509860363956,Global price of Industrial Materials index,2024-12-11,billy
2003-09-01,57.034931373503,Global price of Industrial Materials index,2024-12-11,billy
2003-10-01,60.5032080566591,Global price of Industrial Materials index,2024-12-11,billy
2003-11-01,62.4981230945585,Global price of Industrial Materials index,2024-12-11,billy
2003-12-01,65.2779370765894,Global price of Industrial Materials index,2024-12-11,billy
2004-01-01,69.5819753707916,Global price of Industrial Materials index,2024-12-11,billy
2004-02-01,72.578809232308,Global price of Industrial Materials index,2024-12-11,billy
2004-03-01,72.3382387052345,Global price of Industrial Materials index,2024-12-11,billy
2004-04-01,71.3078499715117,Global price of Industrial Materials index,2024-12-11,billy
2004-05-01,69.2784360739822,Global price of Industrial Materials index,2024-12-11,billy
2004-06-01,71.3692703450029,Global price of Industrial Materials index,2024-12-11,billy
2004-07-01,72.6415359271657,Global price of Industrial Materials index,2024-12-11,billy
2004-08-01,71.2435752968045,Global price of Industrial Materials index,2024-12-11,billy
2004-09-01,71.6484402742203,Global price of Industrial Materials index,2024-12-11,billy
2004-10-01,73.7380853946505,Global price of Industrial Materials index,2024-12-11,billy
2004-11-01,73.2079533938395,Global price of Industrial Materials index,2024-12-11,billy
2004-12-01,72.5153061828018,Global price of Industrial Materials index,2024-12-11,billy
2005-01-01,78.6715277500662,Global price of Industrial Materials index,2024-12-11,billy
2005-02-01,80.3230280095489,Global price of Industrial Materials index,2024-12-11,billy
2005-03-01,83.798931485118,Global price of Industrial Materials index,2024-12-11,billy
2005-04-01,82.5414139052479,Global price of Industrial Materials index,2024-12-11,billy
2005-05-01,82.1709035432048,Global price of Industrial Materials index,2024-12-11,billy
2005-06-01,82.6326191601224,Global price of Industrial Materials index,2024-12-11,billy
2005-07-01,82.0160840769316,Global price of Industrial Materials index,2024-12-11,billy
2005-08-01,84.6051335667438,Global price of Industrial Materials index,2024-12-11,billy
2005-09-01,84.4861994696677,Global price of Industrial Materials index,2024-12-11,billy
2005-10-01,85.0318448114305,Global price of Industrial Materials index,2024-12-11,billy
2005-11-01,86.5609676181931,Global price of Industrial Materials index,2024-12-11,billy
2005-12-01,91.0837807212974,Global price of Industrial Materials index,2024-12-11,billy
2006-01-01,97.4516783809344,Global price of Industrial Materials index,2024-12-11,billy
2006-02-01,100.453461102838,Global price of Industrial Materials index,2024-12-11,billy
2006-03-01,101.330022381284,Global price of Industrial Materials index,2024-12-11,billy
2006-04-01,112.497830662979,Global price of Industrial Materials index,2024-12-11,billy
2006-05-01,126.442703303208,Global price of Industrial Materials index,2024-12-11,billy
2006-06-01,120.11277383037,Global price of Industrial Materials index,2024-12-11,billy
2006-07-01,127.64066623301,Global price of Industrial Materials index,2024-12-11,billy
2006-08-01,131.067193247678,Global price of Industrial Materials index,2024-12-11,billy
2006-09-01,129.968788468453,Global price of Industrial Materials index,2024-12-11,billy
2006-10-01,134.423933076193,Global price of Industrial Materials index,2024-12-11,billy
2006-11-01,133.00601615176,Global price of Industrial Materials index,2024-12-11,billy
2006-12-01,136.499889768232,Global price of Industrial Materials index,2024-12-11,billy
2007-01-01,135.400392187449,Global price of Industrial Materials index,2024-12-11,billy
2007-02-01,140.074782775597,Global price of Industrial Materials index,2024-12-11,billy
2007-03-01,148.166216269137,Global price of Industrial Materials index,2024-12-11,billy
2007-04-01,160.815908857072,Global price of Industrial Materials index,2024-12-11,billy
2007-05-01,163.70640525843,Global price of Industrial Materials index,2024-12-11,billy
2007-06-01,153.704654515986,Global price of Industrial Materials index,2024-12-11,billy
2007-07-01,148.822231529602,Global price of Industrial Materials index,2024-12-11,billy
2007-08-01,136.252789054403,Global price of Industrial Materials index,2024-12-11,billy
2007-09-01,137.137863101915,Global price of Industrial Materials index,2024-12-11,billy
2007-10-01,140.709622098999,Global price of Industrial Materials index,2024-12-11,billy
2007-11-01,136.81802401872,Global price of Industrial Materials index,2024-12-11,billy
2007-12-01,129.429880728423,Global price of Industrial Materials index,2024-12-11,billy
2008-01-01,143.41033555538,Global price of Industrial Materials index,2024-12-11,billy
2008-02-01,150.358966081354,Global price of Industrial Materials index,2024-12-11,billy
2008-03-01,157.212076774098,Global price of Industrial Materials index,2024-12-11,billy
2008-04-01,154.919758298812,Global price of Industrial Materials index,2024-12-11,billy
2008-05-01,149.207488632354,Global price of Industrial Materials index,2024-12-11,billy
2008-06-01,145.72457499522,Global price of Industrial Materials index,2024-12-11,billy
2008-07-01,145.47428491615,Global price of Industrial Materials index,2024-12-11,billy
2008-08-01,136.863142146556,Global price of Industrial Materials index,2024-12-11,billy
2008-09-01,130.656273340629,Global price of Industrial Materials index,2024-12-11,billy
2008-10-01,107.520491410893,Global price of Industrial Materials index,2024-12-11,billy
2008-11-01,97.5115453828623,Global price of Industrial Materials index,2024-12-11,billy
2008-12-01,92.5687830700196,Global price of Industrial Materials index,2024-12-11,billy
2009-01-01,96.146009789515,Global price of Industrial Materials index,2024-12-11,billy
2009-02-01,94.404635216806,Global price of Industrial Materials index,2024-12-11,billy
2009-03-01,90.7056117647243,Global price of Industrial Materials index,2024-12-11,billy
2009-04-01,95.5067294704433,Global price of Industrial Materials index,2024-12-11,billy
2009-05-01,100.932780129565,Global price of Industrial Materials index,2024-12-11,billy
2009-06-01,109.062725871323,Global price of Industrial Materials index,2024-12-11,billy
2009-07-01,116.127360195631,Global price of Industrial Materials index,2024-12-11,billy
2009-08-01,131.729647149322,Global price of Industrial Materials index,2024-12-11,billy
2009-09-01,123.894668972581,Global price of Industrial Materials index,2024-12-11,billy
2009-10-01,129.305046469104,Global price of Industrial Materials index,2024-12-11,billy
2009-11-01,136.262474886994,Global price of Industrial Materials index,2024-12-11,billy
2009-12-01,143.280080177277,Global price of Industrial Materials index,2024-12-11,billy
2010-01-01,155.128898386002,Global price of Industrial Materials index,2024-12-11,billy
2010-02-01,152.094455899026,Global price of Industrial Materials index,2024-12-11,billy
2010-03-01,164.883682331724,Global price of Industrial Materials index,2024-12-11,billy
2010-04-01,184.493923776492,Global price of Industrial Materials index,2024-12-11,billy
2010-05-01,169.126904616813,Global price of Industrial Materials index,2024-12-11,billy
2010-06-01,157.223940426324,Global price of Industrial Materials index,2024-12-11,billy
2010-07-01,151.662194920529,Global price of Industrial Materials index,2024-12-11,billy
2010-08-01,165.382511976771,Global price of Industrial Materials index,2024-12-11,billy
2010-09-01,168.865312500186,Global price of Industrial Materials index,2024-12-11,billy
2010-10-01,179.476253641332,Global price of Industrial Materials index,2024-12-11,billy
2010-11-01,187.393182641615,Global price of Industrial Materials index,2024-12-11,billy
2010-12-01,197.819158568197,Global price of Industrial Materials index,2024-12-11,billy
2011-01-01,209.88201144493,Global price of Industrial Materials index,2024-12-11,billy
2011-02-01,221.141627268373,Global price of Industrial Materials index,2024-12-11,billy
2011-03-01,210.746607668773,Global price of Industrial Materials index,2024-12-11,billy
2011-04-01,215.483818648906,Global price of Industrial Materials index,2024-12-11,billy
2011-05-01,204.207234454358,Global price of Industrial Materials index,2024-12-11,billy
2011-06-01,200.921930406424,Global price of Industrial Materials index,2024-12-11,billy
2011-07-01,202.71077982817,Global price of Industrial Materials index,2024-12-11,billy
2011-08-01,196.139352370202,Global price of Industrial Materials index,2024-12-11,billy
2011-09-01,190.239010990775,Global price of Industrial Materials index,2024-12-11,billy
2011-10-01,171.285338793302,Global price of Industrial Materials index,2024-12-11,billy
2011-11-01,162.997507966424,Global price of Industrial Materials index,2024-12-11,billy
2011-12-01,161.594131081403,Global price of Industrial Materials index,2024-12-11,billy
2012-01-01,168.921106623543,Global price of Industrial Materials index,2024-12-11,billy
2012-02-01,173.149844780355,Global price of Industrial Materials index,2024-12-11,billy
2012-03-01,172.829077160829,Global price of Industrial Materials index,2024-12-11,billy
2012-04-01,171.845500889035,Global price of Industrial Materials index,2024-12-11,billy
2012-05-01,163.735468140703,Global price of Industrial Materials index,2024-12-11,billy
2012-06-01,156.893221376869,Global price of Industrial Materials index,2024-12-11,billy
2012-07-01,154.055070058146,Global price of Industrial Materials index,2024-12-11,billy
2012-08-01,144.466822445973,Global price of Industrial Materials index,2024-12-11,billy
2012-09-01,147.269644418981,Global price of Industrial Materials index,2024-12-11,billy
2012-10-01,151.474720284681,Global price of Industrial Materials index,2024-12-11,billy
2012-11-01,151.256589718595,Global price of Industrial Materials index,2024-12-11,billy
2012-12-01,158.306373481619,Global price of Industrial Materials index,2024-12-11,billy
2013-01-01,167.283564032932,Global price of Industrial Materials index,2024-12-11,billy
2013-02-01,168.57620874993,Global price of Industrial Materials index,2024-12-11,billy
2013-03-01,158.684694383232,Global price of Industrial Materials index,2024-12-11,billy
2013-04-01,154.350051416704,Global price of Industrial Materials index,2024-12-11,billy
2013-05-01,150.069002459291,Global price of Industrial Materials index,2024-12-11,billy
2013-06-01,144.399621516456,Global price of Industrial Materials index,2024-12-11,billy
2013-07-01,145.451959565117,Global price of Industrial Materials index,2024-12-11,billy
2013-08-01,151.021791698332,Global price of Industrial Materials index,2024-12-11,billy
2013-09-01,149.087722487012,Global price of Industrial Materials index,2024-12-11,billy
2013-10-01,149.031618225345,Global price of Industrial Materials index,2024-12-11,billy
2013-11-01,149.062623668071,Global price of Industrial Materials index,2024-12-11,billy
2013-12-01,150.677955380624,Global price of Industrial Materials index,2024-12-11,billy
2014-01-01,147.761670880661,Global price of Industrial Materials index,2024-12-11,billy
2014-02-01,144.655584450916,Global price of Industrial Materials index,2024-12-11,billy
2014-03-01,140.37798013987,Global price of Industrial Materials index,2024-12-11,billy
2014-04-01,143.115010627612,Global price of Industrial Materials index,2024-12-11,billy
2014-05-01,139.734965643977,Global price of Industrial Materials index,2024-12-11,billy
2014-06-01,137.306039949467,Global price of Industrial Materials index,2024-12-11,billy
2014-07-01,139.555280627442,Global price of Industrial Materials index,2024-12-11,billy
2014-08-01,137.403320597396,Global price of Industrial Materials index,2024-12-11,billy
2014-09-01,131.515845390579,Global price of Industrial Materials index,2024-12-11,billy
2014-10-01,126.38126526972,Global price of Industrial Materials index,2024-12-11,billy
2014-11-01,124.990273364211,Global price of Industrial Materials index,2024-12-11,billy
2014-12-01,119.991246963052,Global price of Industrial Materials index,2024-12-11,billy
2015-01-01,115.697668842451,Global price of Industrial Materials index,2024-12-11,billy
2015-02-01,112.891399394369,Global price of Industrial Materials index,2024-12-11,billy
2015-03-01,110.187288360566,Global price of Industrial Materials index,2024-12-11,billy
2015-04-01,109.1158385144,Global price of Industrial Materials index,2024-12-11,billy
2015-05-01,113.919763448569,Global price of Industrial Materials index,2024-12-11,billy
2015-06-01,109.608099735038,Global price of Industrial Materials index,2024-12-11,billy
2015-07-01,101.657983801542,Global price of Industrial Materials index,2024-12-11,billy
2015-08-01,99.7476655821902,Global price of Industrial Materials index,2024-12-11,billy
2015-09-01,99.0701576522461,Global price of Industrial Materials index,2024-12-11,billy
2015-10-01,97.2231205628528,Global price of Industrial Materials index,2024-12-11,billy
2015-11-01,91.3894553801734,Global price of Industrial Materials index,2024-12-11,billy
2015-12-01,88.2261910875964,Global price of Industrial Materials index,2024-12-11,billy
2016-01-01,87.69734500136,Global price of Industrial Materials index,2024-12-11,billy
2016-02-01,90.7802691829466,Global price of Industrial Materials index,2024-12-11,billy
2016-03-01,96.4950271591969,Global price of Industrial Materials index,2024-12-11,billy
2016-04-01,99.4180003986731,Global price of Industrial Materials index,2024-12-11,billy
2016-05-01,97.2700401254546,Global price of Industrial Materials index,2024-12-11,billy
2016-06-01,96.5872469019922,Global price of Industrial Materials index,2024-12-11,billy
2016-07-01,101.034395019491,Global price of Industrial Materials index,2024-12-11,billy
2016-08-01,102.049510249592,Global price of Industrial Materials index,2024-12-11,billy
2016-09-01,100.417160830607,Global price of Industrial Materials index,2024-12-11,billy
2016-10-01,100.985127863852,Global price of Industrial Materials index,2024-12-11,billy
2016-11-01,111.625685608193,Global price of Industrial Materials index,2024-12-11,billy
2016-12-01,115.64019165864,Global price of Industrial Materials index,2024-12-11,billy
2017-01-01,118.095529920012,Global price of Industrial Materials index,2024-12-11,billy
2017-02-01,123.823324126656,Global price of Industrial Materials index,2024-12-11,billy
2017-03-01,121.662587120933,Global price of Industrial Materials index,2024-12-11,billy
2017-04-01,114.362008342332,Global price of Industrial Materials index,2024-12-11,billy
2017-05-01,110.76418792573,Global price of Industrial Materials index,2024-12-11,billy
2017-06-01,108.029989040889,Global price of Industrial Materials index,2024-12-11,billy
2017-07-01,113.135027330434,Global price of Industrial Materials index,2024-12-11,billy
2017-08-01,120.197591495869,Global price of Industrial Materials index,2024-12-11,billy
2017-09-01,119.53789950656,Global price of Industrial Materials index,2024-12-11,billy
2017-10-01,117.554224335882,Global price of Industrial Materials index,2024-12-11,billy
2017-11-01,118.95163174931,Global price of Industrial Materials index,2024-12-11,billy
2017-12-01,122.792675368007,Global price of Industrial Materials index,2024-12-11,billy
2018-01-01,128.992640674555,Global price of Industrial Materials index,2024-12-11,billy
2018-02-01,129.888974773753,Global price of Industrial Materials index,2024-12-11,billy
2018-03-01,126.270136438202,Global price of Industrial Materials index,2024-12-11,billy
2018-04-01,127.053560401306,Global price of Industrial Materials index,2024-12-11,billy
2018-05-01,127.439139256367,Global price of Industrial Materials index,2024-12-11,billy
2018-06-01,128.303024958392,Global price of Industrial Materials index,2024-12-11,billy
2018-07-01,121.78516583277,Global price of Industrial Materials index,2024-12-11,billy
2018-08-01,119.696995035147,Global price of Industrial Materials index,2024-12-11,billy
2018-09-01,118.941434445523,Global price of Industrial Materials index,2024-12-11,billy
2018-10-01,120.709945147868,Global price of Industrial Materials index,2024-12-11,billy
2018-11-01,118.870608651563,Global price of Industrial Materials index,2024-12-11,billy
2018-12-01,117.689200113639,Global price of Industrial Materials index,2024-12-11,billy
2019-01-01,119.026982290673,Global price of Industrial Materials index,2024-12-11,billy
2019-02-01,125.902473237905,Global price of Industrial Materials index,2024-12-11,billy
2019-03-01,127.503562865107,Global price of Industrial Materials index,2024-12-11,billy
2019-04-01,129.876877691959,Global price of Industrial Materials index,2024-12-11,billy
2019-05-01,129.519811915857,Global price of Industrial Materials index,2024-12-11,billy
2019-06-01,131.151171026412,Global price of Industrial Materials index,2024-12-11,billy
2019-07-01,134.639942837556,Global price of Industrial Materials index,2024-12-11,billy
2019-08-01,123.072170832065,Global price of Industrial Materials index,2024-12-11,billy
2019-09-01,124.102781561898,Global price of Industrial Materials index,2024-12-11,billy
2019-10-01,122.11499681078,Global price of Industrial Materials index,2024-12-11,billy
2019-11-01,120.027965448948,Global price of Industrial Materials index,2024-12-11,billy
2019-12-01,122.025514613995,Global price of Industrial Materials index,2024-12-11,billy
2020-01-01,124.224880828286,Global price of Industrial Materials index,2024-12-11,billy
2020-02-01,118.052267985668,Global price of Industrial Materials index,2024-12-11,billy
2020-03-01,114.215240149305,Global price of Industrial Materials index,2024-12-11,billy
2020-04-01,109.154270056508,Global price of Industrial Materials index,2024-12-11,billy
2020-05-01,112.751805417612,Global price of Industrial Materials index,2024-12-11,billy
2020-06-01,121.010810407194,Global price of Industrial Materials index,2024-12-11,billy
2020-07-01,126.621811967564,Global price of Industrial Materials index,2024-12-11,billy
2020-08-01,133.927853406037,Global price of Industrial Materials index,2024-12-11,billy
2020-09-01,136.382435766423,Global price of Industrial Materials index,2024-12-11,billy
2020-10-01,137.479713839185,Global price of Industrial Materials index,2024-12-11,billy
2020-11-01,144.115146097434,Global price of Industrial Materials index,2024-12-11,billy
2020-12-01,159.457455528489,Global price of Industrial Materials index,2024-12-11,billy
2021-01-01,167.034844866546,Global price of Industrial Materials index,2024-12-11,billy
2021-02-01,169.518326039283,Global price of Industrial Materials index,2024-12-11,billy
2021-03-01,174.679193775559,Global price of Industrial Materials index,2024-12-11,billy
2021-04-01,181.523516336264,Global price of Industrial Materials index,2024-12-11,billy
2021-05-01,197.475524500872,Global price of Industrial Materials index,2024-12-11,billy
2021-06-01,203.478019267803,Global price of Industrial Materials index,2024-12-11,billy
2021-07-01,202.825804274124,Global price of Industrial Materials index,2024-12-11,billy
2021-08-01,183.26794930855,Global price of Industrial Materials index,2024-12-11,billy
2021-09-01,167.772330054417,Global price of Industrial Materials index,2024-12-11,billy
2021-10-01,172.759692527772,Global price of Industrial Materials index,2024-12-11,billy
2021-11-01,161.655572155113,Global price of Industrial Materials index,2024-12-11,billy
2021-12-01,168.848213618839,Global price of Industrial Materials index,2024-12-11,billy
2022-01-01,183.356759575036,Global price of Industrial Materials index,2024-12-11,billy
2022-02-01,190.208948445827,Global price of Industrial Materials index,2024-12-11,billy
2022-03-01,204.923478093202,Global price of Industrial Materials index,2024-12-11,billy
2022-04-01,203.529781194804,Global price of Industrial Materials index,2024-12-11,billy
2022-05-01,187.213206221033,Global price of Industrial Materials index,2024-12-11,billy
2022-06-01,180.418761895206,Global price of Industrial Materials index,2024-12-11,billy
2022-07-01,157.434324786243,Global price of Industrial Materials index,2024-12-11,billy
2022-08-01,158.510228198573,Global price of Industrial Materials index,2024-12-11,billy
2022-09-01,150.15153354033,Global price of Industrial Materials index,2024-12-11,billy
2022-10-01,145.460864856105,Global price of Industrial Materials index,2024-12-11,billy
2022-11-01,150.976629540113,Global price of Industrial Materials index,2024-12-11,billy
2022-12-01,161.980245569686,Global price of Industrial Materials index,2024-12-11,billy
2023-01-01,171.621298303435,Global price of Industrial Materials index,2024-12-11,billy
2023-02-01,179.165019948678,Global price of Industrial Materials index,2024-12-11,billy
2023-03-01,174.347288968733,Global price of Industrial Materials index,2024-12-11,billy
2023-04-01,168.360790884796,Global price of Industrial Materials index,2024-12-11,billy
2023-05-01,156.684029081181,Global price of Industrial Materials index,2024-12-11,billy
2023-06-01,156.434363612042,Global price of Industrial Materials index,2024-12-11,billy
2023-07-01,157.406576075846,Global price of Industrial Materials index,2024-12-11,billy
2023-08-01,154.700611117253,Global price of Industrial Materials index,2024-12-11,billy
2023-09-01,159.823048578463,Global price of Industrial Materials index,2024-12-11,billy
2023-10-01,157.575786480573,Global price of Industrial Materials index,2024-12-11,billy
2023-11-01,163.055231081463,Global price of Industrial Materials index,2024-12-11,billy
2023-12-01,165.395344079582,Global price of Industrial Materials index,2024-12-11,billy
2024-01-01,165.603160779782,Global price of Industrial Materials index,2024-12-11,billy
2024-02-01,162.53236860672,Global price of Industrial Materials index,2024-12-11,billy
2024-03-01,160.339227439803,Global price of Industrial Materials index,2024-12-11,billy
2024-04-01,165.741900771549,Global price of Industrial Materials index,2024-12-11,billy
2024-05-01,172.448905249564,Global price of Industrial Materials index,2024-12-11,billy
2024-06-01,163.909385041211,Global price of Industrial Materials index,2024-12-11,billy
2024-07-01,159.90893788703,Global price of Industrial Materials index,2024-12-11,billy
2024-08-01,155.945114080953,Global price of Industrial Materials index,2024-12-11,billy
2024-09-01,157.473738078749,Global price of Industrial Materials index,2024-12-11,billy
2024-10-01,164.195724484942,Global price of Industrial Materials index,2024-12-11,billy
